Team,Name
Kings,John Smith
Kings,Jane Doe
Kings,Richard Roe (4)
Kings,Alex Sample Doe (66)
Kings,Owen Placeholder
Kings,Mary Major
Kings,Sam Example
Kings,Chris Sample (10)
Kings,Pat Test (8)
Kings,Jamie Demo (7)
Kings,Taylor Sample (20)
Kings,Jordan Example (16)
Kings,Casey Test (9)
Kings,Morgan Placeholder
Kings,(C) Robin Roe (68)
Kings,
Kings,
Kings,
Petes,Lee Sample
Petes,(C) Dana Major
Petes,Cameron Example
Petes,Steve Placeholder
Petes,Renée De Demo
Petes,Robert Test
Petes,Travis Sample
Petes,Kyle Example
Petes,Patrick Roe
Petes,David Minor
Petes,Jeremy Demo
Petes,Blair Test
Petes,Brad Sample
Petes,Matthew Example
Petes,Kevin Placeholder
Petes,Aaron Major
Petes,
Petes,
